{
"lengthUnit": "mil",
"remark": [],
"components": {
	"fields": ["COMPONENT_NO", "COMPONENT_NAME", "LAYER", "X_COORDINATE", "Y_COORDINATE", "ANGLE"],
	"rows": [
		[1, "PAD1", "T", -1181.1024, 1181.1024, 0],
		[2, "PAD1", "B", -1181.1024, 1181.1024, 0],
		[3, "PAD2", "T", 1181.1024, 1181.1024, 0],
		[4, "PAD2", "B", 1181.1024, 1181.1024, 0],
		[5, "PAD3", "T", -1850.3937, -1732.2835, 0],
		[6, "PAD3", "B", -1850.3937, -1732.2835, 0],
		[7, "PAD4", "T", 1850.3937, -1732.2835, 0],
		[8, "PAD4", "B", 1850.3937, -1732.2835, 0]
	]
},
"pins": {
	"fields": ["PIN_NO", "PIN_NAME", "PIN_X", "PIN_Y", "LAYER", "PIN_TYPE", "NET_NAME", "NET_TYPE", "PAD_SHAPE", "PAD_SIZEX", "PAD_SIZEY", "HOLE_SIZE", "HOLE_LEN", "PAD_ANGLE"],
	"rows": [
		[1, "PAD1_1", -1181.1024, 1181.1024, "T", "DIP", "GND", "GND", "C", 137.7953, 137.7953, 118.1102, 118.1102, 0],
		[2, "PAD1_1", -1181.1024, 1181.1024, "B", "DIP", "GND", "GND", "C", 137.7953, 137.7953, 118.1102, 118.1102, 0],
		[3, "PAD2_1", 1181.1024, 1181.1024, "T", "DIP", "GND", "GND", "C", 137.7953, 137.7953, 118.1102, 118.1102, 0],
		[4, "PAD2_1", 1181.1024, 1181.1024, "B", "DIP", "GND", "GND", "C", 137.7953, 137.7953, 118.1102, 118.1102, 0],
		[5, "PAD3_1", -1850.3937, -1732.2835, "T", "DIP", "GND", "GND", "C", 137.7953, 137.7953, 118.1102, 118.1102, 0],
		[6, "PAD3_1", -1850.3937, -1732.2835, "B", "DIP", "GND", "GND", "C", 137.7953, 137.7953, 118.1102, 118.1102, 0],
		[7, "PAD4_1", 1850.3937, -1732.2835, "T", "DIP", "GND", "GND", "C", 137.7953, 137.7953, 118.1102, 118.1102, 0],
		[8, "PAD4_1", 1850.3937, -1732.2835, "B", "DIP", "GND", "GND", "C", 137.7953, 137.7953, 118.1102, 118.1102, 0]
	]
}
}