{
"lengthUnit": "mil",
"remark": [],
"components": {
	"fields": ["COMPONENT_NO", "COMPONENT_NAME", "LAYER", "X_COORDINATE", "Y_COORDINATE", "ANGLE"],
	"rows": [
		[1, "C1", "T", -30, 0, 180],
		[2, "C2", "T", -30, 180, 180],
		[3, "C3", "T", -75, 265, 0],
		[4, "C4", "T", 75, 265, 180],
		[5, "C5", "T", 54.9908, 1097.2239, 45],
		[6, "C6", "T", 435, 1520, 180],
		[7, "C7", "T", 150, -320, 90],
		[8, "C8", "T", -305, -305, 90],
		[9, "C9", "T", 455, 1390, 180],
		[10, "C10", "T", 515.847, 807.037, 180],
		[11, "C11", "T", 515.847, 897.037, 180],
		[12, "C12", "T", 455, 1310, 180],
		[13, "C13", "T", -435, 20, 0],
		[14, "C14", "T", 0, 1370, 180],
		[15, "H1", "T", 0, -185, 0],
		[16, "H2", "T", 0, -720, 180],
		[17, "LED1", "T", -115, -85, 180],
		[18, "LED2", "T", 55, -85, 0],
		[19, "P2", "T", 300, 770, 90],
		[20, "P3", "T", -300, 775, 90],
		[21, "R1", "T", 0, 540, 0],
		[22, "R2", "T", -510, 1025, 0],
		[23, "R3", "T", -510, 920, 0],
		[24, "R4", "T", -405, 890, 90],
		[25, "R5", "T", 109.9908, 1042.2239, 225],
		[26, "R6", "T", -120.201, 1365.026, 270],
		[27, "R8", "T", -170, 0, 180],
		[28, "R9", "T", 175, -55, 90],
		[29, "R14", "T", 125, 1390, 270],
		[30, "R15", "T", 185, 1390, 90],
		[31, "R16", "T", -120.201, 1230.026, 270],
		[32, "R17", "T", -90, 1125, 180],
		[33, "R18", "T", 215, -455, 180],
		[34, "SW1", "T", -5, 1250, 90],
		[35, "SW2", "T", 155, 1250, 90],
		[36, "U1", "T", 0, 787.4016, 45],
		[37, "U4", "T", 510.847, 1102.037, 180],
		[38, "USB1", "T", 0, 1657.527, 180],
		[39, "X3", "T", 0, 405, 0],
		[40, "X4", "T", 10, 90, 0],
		[41, "PAD1", "T", 5.43, 0, 0],
		[42, "PAD2", "T", -65.44, 0, 0],
		[43, "PAD3", "T", 5.43, 180, 0],
		[44, "PAD4", "T", -65.44, 180, 0],
		[45, "PAD5", "T", -110.43, 265, 0],
		[46, "PAD6", "T", -39.56, 265, 0],
		[47, "PAD7", "T", 110.43, 265, 0],
		[48, "PAD8", "T", 39.56, 265, 0],
		[49, "PAD9", "T", 29.938, 1072.1711, 0],
		[50, "PAD10", "T", 80.0507, 1122.2838, 0],
		[51, "PAD11", "T", 470.43, 1520, 0],
		[52, "PAD12", "T", 399.56, 1520, 0],
		[53, "PAD13", "T", 150, -355.43, 0],
		[54, "PAD14", "T", 150, -284.56, 0],
		[55, "PAD15", "T", -305, -340.43, 0],
		[56, "PAD16", "T", -305, -269.56, 0],
		[57, "PAD17", "T", 490.43, 1390, 0],
		[58, "PAD18", "T", 419.56, 1390, 0],
		[59, "PAD19", "T", 551.277, 807.037, 0],
		[60, "PAD20", "T", 480.407, 807.037, 0],
		[61, "PAD21", "T", 551.277, 897.037, 0],
		[62, "PAD22", "T", 480.407, 897.037, 0],
		[63, "PAD23", "T", 490.43, 1310, 0],
		[64, "PAD24", "T", 419.56, 1310, 0],
		[65, "PAD25", "T", -470.43, 20, 0],
		[66, "PAD26", "T", -399.56, 20, 0],
		[67, "PAD27", "T", -150, -185, 0],
		[68, "PAD27", "B", -150, -185, 0],
		[69, "PAD28", "T", -50, -185, 0],
		[70, "PAD28", "B", -50, -185, 0],
		[71, "PAD29", "T", 50, -185, 0],
		[72, "PAD29", "B", 50, -185, 0],
		[73, "PAD30", "T", 150, -185, 0],
		[74, "PAD30", "B", 150, -185, 0],
		[75, "PAD31", "T", -158.31, -85, 0],
		[76, "PAD32", "T", -71.69, -85, 0],
		[77, "PAD33", "T", 98.31, -85, 0],
		[78, "PAD34", "T", 11.69, -85, 0],
		[79, "PAD35", "T", 300, 1720, 0],
		[80, "PAD35", "B", 300, 1720, 0],
		[81, "PAD36", "T", 300, 1620, 0],
		[82, "PAD36", "B", 300, 1620, 0],
		[83, "PAD37", "T", 300, 1520, 0],
		[84, "PAD37", "B", 300, 1520, 0],
		[85, "PAD38", "T", 300, 1420, 0],
		[86, "PAD38", "B", 300, 1420, 0],
		[87, "PAD39", "T", 300, 1320, 0],
		[88, "PAD39", "B", 300, 1320, 0],
		[89, "PAD40", "T", 300, 1220, 0],
		[90, "PAD40", "B", 300, 1220, 0],
		[91, "PAD41", "T", 300, 1120, 0],
		[92, "PAD41", "B", 300, 1120, 0],
		[93, "PAD42", "T", 300, 1020, 0],
		[94, "PAD42", "B", 300, 1020, 0],
		[95, "PAD43", "T", 300, 920, 0],
		[96, "PAD43", "B", 300, 920, 0],
		[97, "PAD44", "T", 300, 820, 0],
		[98, "PAD44", "B", 300, 820, 0],
		[99, "PAD45", "T", 300, 720, 0],
		[100, "PAD45", "B", 300, 720, 0],
		[101, "PAD46", "T", 300, 620, 0],
		[102, "PAD46", "B", 300, 620, 0],
		[103, "PAD47", "T", 300, 520, 0],
		[104, "PAD47", "B", 300, 520, 0],
		[105, "PAD48", "T", 300, 420, 0],
		[106, "PAD48", "B", 300, 420, 0],
		[107, "PAD49", "T", 300, 320, 0],
		[108, "PAD49", "B", 300, 320, 0],
		[109, "PAD50", "T", 300, 220, 0],
		[110, "PAD50", "B", 300, 220, 0],
		[111, "PAD51", "T", 300, 120, 0],
		[112, "PAD51", "B", 300, 120, 0],
		[113, "PAD52", "T", 300, 20, 0],
		[114, "PAD52", "B", 300, 20, 0],
		[115, "PAD53", "T", 300, -80, 0],
		[116, "PAD53", "B", 300, -80, 0],
		[117, "PAD54", "T", 300, -180, 0],
		[118, "PAD54", "B", 300, -180, 0],
		[119, "PAD55", "T", -300, 1725, 0],
		[120, "PAD55", "B", -300, 1725, 0],
		[121, "PAD56", "T", -300, 1625, 0],
		[122, "PAD56", "B", -300, 1625, 0],
		[123, "PAD57", "T", -300, 1525, 0],
		[124, "PAD57", "B", -300, 1525, 0],
		[125, "PAD58", "T", -300, 1425, 0],
		[126, "PAD58", "B", -300, 1425, 0],
		[127, "PAD59", "T", -300, 1325, 0],
		[128, "PAD59", "B", -300, 1325, 0],
		[129, "PAD60", "T", -300, 1225, 0],
		[130, "PAD60", "B", -300, 1225, 0],
		[131, "PAD61", "T", -300, 1125, 0],
		[132, "PAD61", "B", -300, 1125, 0],
		[133, "PAD62", "T", -300, 1025, 0],
		[134, "PAD62", "B", -300, 1025, 0],
		[135, "PAD63", "T", -300, 925, 0],
		[136, "PAD63", "B", -300, 925, 0],
		[137, "PAD64", "T", -300, 825, 0],
		[138, "PAD64", "B", -300, 825, 0],
		[139, "PAD65", "T", -300, 725, 0],
		[140, "PAD65", "B", -300, 725, 0],
		[141, "PAD66", "T", -300, 625, 0],
		[142, "PAD66", "B", -300, 625, 0],
		[143, "PAD67", "T", -300, 525, 0],
		[144, "PAD67", "B", -300, 525, 0],
		[145, "PAD68", "T", -300, 425, 0],
		[146, "PAD68", "B", -300, 425, 0],
		[147, "PAD69", "T", -300, 325, 0],
		[148, "PAD69", "B", -300, 325, 0],
		[149, "PAD70", "T", -300, 225, 0],
		[150, "PAD70", "B", -300, 225, 0],
		[151, "PAD71", "T", -300, 125, 0],
		[152, "PAD71", "B", -300, 125, 0],
		[153, "PAD72", "T", -300, 25, 0],
		[154, "PAD72", "B", -300, 25, 0],
		[155, "PAD73", "T", -300, -75, 0],
		[156, "PAD73", "B", -300, -75, 0],
		[157, "PAD74", "T", -300, -175, 0],
		[158, "PAD74", "B", -300, -175, 0],
		[159, "PAD75", "T", 31.5, 540, 0],
		[160, "PAD76", "T", -31.49, 540, 0],
		[161, "PAD77", "T", -478.5, 1025, 0],
		[162, "PAD78", "T", -541.49, 1025, 0],
		[163, "PAD79", "T", -478.5, 920, 0],
		[164, "PAD80", "T", -541.49, 920, 0],
		[165, "PAD81", "T", -405, 921.5, 0],
		[166, "PAD82", "T", -405, 858.51, 0],
		[167, "PAD83", "T", 87.7169, 1019.95, 0],
		[168, "PAD84", "T", 132.2576, 1064.4907, 0],
		[169, "PAD85", "T", -120.201, 1333.526, 0],
		[170, "PAD86", "T", -120.201, 1396.516, 0],
		[171, "PAD87", "T", -201.5, 0, 0],
		[172, "PAD88", "T", -138.51, 0, 0],
		[173, "PAD89", "T", 175, -23.5, 0],
		[174, "PAD90", "T", 175, -86.49, 0],
		[175, "PAD91", "T", 41.75, 592.5316, 0],
		[176, "PAD92", "T", 55.68, 606.4516, 0],
		[177, "PAD93", "T", 69.59, 620.3716, 0],
		[178, "PAD94", "T", 83.52, 634.2916, 0],
		[179, "PAD95", "T", 97.43, 648.2116, 0],
		[180, "PAD96", "T", 111.35, 662.1316, 0],
		[181, "PAD97", "T", 125.27, 676.0416, 0],
		[182, "PAD98", "T", 139.19, 689.9716, 0],
		[183, "PAD99", "T", 153.11, 703.8816, 0],
		[184, "PAD100", "T", 167.03, 717.8116, 0],
		[185, "PAD101", "T", 180.95, 731.7216, 0],
		[186, "PAD102", "T", 194.87, 745.6416, 0],
		[187, "PAD103", "T", 194.87, 829.1616, 0],
		[188, "PAD104", "T", 180.95, 843.0816, 0],
		[189, "PAD105", "T", 167.03, 856.9916, 0],
		[190, "PAD106", "T", 153.11, 870.9216, 0],
		[191, "PAD107", "T", 139.19, 884.8316, 0],
		[192, "PAD108", "T", 125.27, 898.7616, 0],
		[193, "PAD109", "T", 111.35, 912.6716, 0],
		[194, "PAD110", "T", 97.43, 926.5916, 0],
		[195, "PAD111", "T", 83.52, 940.5116, 0],
		[196, "PAD112", "T", 69.59, 954.4316, 0],
		[197, "PAD113", "T", 55.68, 968.3516, 0],
		[198, "PAD114", "T", 41.75, 982.2716, 0],
		[199, "PAD115", "T", -41.76, 982.2716, 0],
		[200, "PAD116", "T", -55.68, 968.3516, 0],
		[201, "PAD117", "T", -69.59, 954.4316, 0],
		[202, "PAD118", "T", -83.52, 940.5116, 0],
		[203, "PAD119", "T", -97.43, 926.5916, 0],
		[204, "PAD120", "T", -111.36, 912.6716, 0],
		[205, "PAD121", "T", -125.27, 898.7616, 0],
		[206, "PAD122", "T", -139.19, 884.8316, 0],
		[207, "PAD123", "T", -153.11, 870.9216, 0],
		[208, "PAD124", "T", -167.03, 856.9916, 0],
		[209, "PAD125", "T", -180.95, 843.0816, 0],
		[210, "PAD126", "T", -194.87, 829.1616, 0],
		[211, "PAD127", "T", -194.87, 745.6416, 0],
		[212, "PAD128", "T", -180.95, 731.7216, 0],
		[213, "PAD129", "T", -167.03, 717.8116, 0],
		[214, "PAD130", "T", -153.11, 703.8816, 0],
		[215, "PAD131", "T", -139.19, 689.9716, 0],
		[216, "PAD132", "T", -125.27, 676.0416, 0],
		[217, "PAD133", "T", -111.36, 662.1316, 0],
		[218, "PAD134", "T", -97.43, 648.2116, 0],
		[219, "PAD135", "T", -83.52, 634.2916, 0],
		[220, "PAD136", "T", -69.59, 620.3716, 0],
		[221, "PAD137", "T", -55.68, 606.4516, 0],
		[222, "PAD138", "T", -41.76, 592.5316, 0],
		[223, "PAD139", "T", 125, 1360.34, 0],
		[224, "PAD140", "T", 125, 1419.66, 0],
		[225, "PAD141", "T", 185, 1419.66, 0],
		[226, "PAD142", "T", 185, 1360.34, 0],
		[227, "PAD143", "T", 131.89, 1562.448, 0],
		[228, "PAD144", "T", 120.08, 1562.448, 0],
		[229, "PAD145", "T", 100.39, 1562.448, 0],
		[230, "PAD146", "T", 88.58, 1562.448, 0],
		[231, "PAD147", "T", 49.21, 1562.448, 0],
		[232, "PAD148", "T", 29.53, 1562.448, 0],
		[233, "PAD149", "T", 9.84, 1562.448, 0],
		[234, "PAD150", "T", -9.84, 1562.448, 0],
		[235, "PAD151", "T", -29.53, 1562.448, 0],
		[236, "PAD152", "T", -68.9, 1562.448, 0],
		[237, "PAD153", "T", -120.08, 1562.448, 0],
		[238, "PAD154", "T", -131.89, 1562.448, 0],
		[239, "PAD155", "T", -88.579, 1562.447, 0],
		[240, "PAD156", "T", -100.389, 1562.447, 0],
		[241, "PAD157", "T", 170.08, 1752.608, 0],
		[242, "PAD157", "B", 170.08, 1752.608, 0],
		[243, "PAD158", "T", -170.08, 1752.608, 0],
		[244, "PAD158", "B", -170.08, 1752.608, 0],
		[245, "PAD159", "T", -170.08, 1588.038, 0],
		[246, "PAD159", "B", -170.08, 1588.038, 0],
		[247, "PAD160", "T", 170.08, 1588.038, 0],
		[248, "PAD160", "B", 170.08, 1588.038, 0],
		[249, "PAD161", "T", 49.999, -838.113, 0],
		[250, "PAD162", "T", 49.999, -601.893, 0],
		[251, "PAD163", "T", 149.999, -838.113, 0],
		[252, "PAD164", "T", 149.999, -601.893, 0],
		[253, "PAD165", "T", 249.999, -838.113, 0],
		[254, "PAD166", "T", 249.999, -601.893, 0],
		[255, "PAD167", "T", 349.999, -838.113, 0],
		[256, "PAD168", "T", 349.999, -601.893, 0],
		[257, "PAD169", "T", -50.001, -601.882, 0],
		[258, "PAD170", "T", -50.001, -838.103, 0],
		[259, "PAD171", "T", -150.001, -601.882, 0],
		[260, "PAD172", "T", -150.001, -838.103, 0],
		[261, "PAD173", "T", -250.001, -601.882, 0],
		[262, "PAD174", "T", -250.001, -838.103, 0],
		[263, "PAD175", "T", -350.001, -601.882, 0],
		[264, "PAD176", "T", -96.06, 405, 0],
		[265, "PAD176", "B", -96.06, 405, 0],
		[266, "PAD177", "T", 96.06, 405, 0],
		[267, "PAD177", "B", 96.06, 405, 0],
		[268, "PAD178", "T", 130.081, 40, 0],
		[269, "PAD179", "T", 130.081, 140, 0],
		[270, "PAD180", "T", -110.079, 90, 0],
		[271, "PAD181", "T", 35.43, 1370, 0],
		[272, "PAD182", "T", -35.44, 1370, 0],
		[273, "PAD183", "T", -120.201, 1198.526, 0],
		[274, "PAD184", "T", -120.201, 1261.516, 0],
		[275, "PAD185", "T", -121.5, 1125, 0],
		[276, "PAD186", "T", -58.51, 1125, 0],
		[277, "PAD187", "T", -59.13, 1309.055, 0],
		[278, "PAD188", "T", 49.13, 1309.055, 0],
		[279, "PAD189", "T", 49.13, 1190.945, 0],
		[280, "PAD190", "T", 209.13, 1309.055, 0],
		[281, "PAD191", "T", 100.87, 1190.945, 0],
		[282, "PAD192", "T", 510.847, 990.427, 0],
		[283, "PAD193", "T", 420.297, 1213.647, 0],
		[284, "PAD194", "T", 510.847, 1213.647, 0],
		[285, "PAD195", "T", 601.397, 1213.647, 0],
		[286, "PAD196", "T", 185.34, -455, 0],
		[287, "PAD197", "T", 244.66, -455, 0]
	]
},
"pins": {
	"fields": ["PIN_NO", "PIN_NAME", "PIN_X", "PIN_Y", "LAYER", "PIN_TYPE", "NET_NAME", "NET_TYPE", "PAD_SHAPE", "PAD_SIZEX", "PAD_SIZEY", "HOLE_SIZE", "HOLE_LEN", "PAD_ANGLE"],
	"rows": [
		[1, "C1_1", 5.43, 0, "T", "SMD", "PC14", "", "R", 39.37, 43.307, 0, 0, 0],
		[2, "C1_2", -65.44, 0, "T", "SMD", "GND", "GND", "R", 39.37, 43.307, 0, 0, 0],
		[3, "C2_1", 5.43, 180, "T", "SMD", "PC15", "", "R", 39.37, 43.307, 0, 0, 0],
		[4, "C2_2", -65.44, 180, "T", "SMD", "GND", "GND", "R", 39.37, 43.307, 0, 0, 0],
		[5, "C3_1", -110.43, 265, "T", "SMD", "OSCOUT", "", "R", 39.37, 43.307, 0, 0, 180],
		[6, "C3_2", -39.56, 265, "T", "SMD", "GND", "GND", "R", 39.37, 43.307, 0, 0, 180],
		[7, "C4_1", 110.43, 265, "T", "SMD", "OSCIN", "", "R", 39.37, 43.307, 0, 0, 0],
		[8, "C4_2", 39.56, 265, "T", "SMD", "GND", "GND", "R", 39.37, 43.307, 0, 0, 0],
		[9, "C5_1", 29.938, 1072.1711, "T", "SMD", "GND", "GND", "R", 39.37, 43.307, 0, 0, 225],
		[10, "C5_2", 80.0507, 1122.2838, "T", "SMD", "RESET", "", "R", 39.37, 43.307, 0, 0, 225],
		[11, "C6_1", 470.43, 1520, "T", "SMD", "GND", "GND", "R", 39.37, 43.307, 0, 0, 0],
		[12, "C6_2", 399.56, 1520, "T", "SMD", "VCC3.3", "", "R", 39.37, 43.307, 0, 0, 0],
		[13, "C7_1", 150, -355.43, "T", "SMD", "GND", "GND", "R", 39.37, 43.307, 0, 0, 270],
		[14, "C7_2", 150, -284.56, "T", "SMD", "VCC3.3", "", "R", 39.37, 43.307, 0, 0, 270],
		[15, "C8_1", -305, -340.43, "T", "SMD", "GND", "GND", "R", 39.37, 43.307, 0, 0, 270],
		[16, "C8_2", -305, -269.56, "T", "SMD", "VCC3.3", "", "R", 39.37, 43.307, 0, 0, 270],
		[17, "C9_1", 490.43, 1390, "T", "SMD", "GND", "GND", "R", 39.37, 43.307, 0, 0, 0],
		[18, "C9_2", 419.56, 1390, "T", "SMD", "5V", "", "R", 39.37, 43.307, 0, 0, 0],
		[19, "C10_1", 551.277, 807.037, "T", "SMD", "GND", "GND", "R", 39.37, 43.307, 0, 0, 0],
		[20, "C10_2", 480.407, 807.037, "T", "SMD", "VCC3.3", "", "R", 39.37, 43.307, 0, 0, 0],
		[21, "C11_1", 551.277, 897.037, "T", "SMD", "GND", "GND", "R", 39.37, 43.307, 0, 0, 0],
		[22, "C11_2", 480.407, 897.037, "T", "SMD", "VCC3.3", "", "R", 39.37, 43.307, 0, 0, 0],
		[23, "C12_1", 490.43, 1310, "T", "SMD", "GND", "GND", "R", 39.37, 43.307, 0, 0, 0],
		[24, "C12_2", 419.56, 1310, "T", "SMD", "5V", "", "R", 39.37, 43.307, 0, 0, 0],
		[25, "C13_1", -470.43, 20, "T", "SMD", "GND", "GND", "R", 39.37, 43.307, 0, 0, 180],
		[26, "C13_2", -399.56, 20, "T", "SMD", "5V", "", "R", 39.37, 43.307, 0, 0, 180],
		[27, "C14_1", 35.43, 1370, "T", "SMD", "BOOT0", "", "R", 39.37, 43.307, 0, 0, 0],
		[28, "C14_2", -35.44, 1370, "T", "SMD", "GND", "GND", "R", 39.37, 43.307, 0, 0, 0],
		[29, "H1_1", -150, -185, "T", "DIP", "GND", "GND", "R", 66.929, 66.929, 43.308, 43.308, 0],
		[30, "H1_1", -150, -185, "B", "DIP", "GND", "GND", "R", 66.929, 66.929, 43.308, 43.308, 0],
		[31, "H1_2", -50, -185, "T", "DIP", "PA14", "", "C", 66.929, 66.929, 43.308, 43.308, 0],
		[32, "H1_2", -50, -185, "B", "DIP", "PA14", "", "C", 66.929, 66.929, 43.308, 43.308, 0],
		[33, "H1_3", 50, -185, "T", "DIP", "PA13", "", "C", 66.929, 66.929, 43.308, 43.308, 0],
		[34, "H1_3", 50, -185, "B", "DIP", "PA13", "", "C", 66.929, 66.929, 43.308, 43.308, 0],
		[35, "H1_4", 150, -185, "T", "DIP", "VCC3.3", "", "C", 66.929, 66.929, 43.308, 43.308, 0],
		[36, "H1_4", 150, -185, "B", "DIP", "VCC3.3", "", "C", 66.929, 66.929, 43.308, 43.308, 0],
		[37, "H2_1", 349.999, -601.893, "T", "SMD", "PB9", "", "R", 40.157, 98.425, 0, 0, 180],
		[38, "H2_2", 349.999, -838.113, "T", "SMD", "GND", "GND", "R", 40.157, 98.425, 0, 0, 180],
		[39, "H2_3", 249.999, -601.893, "T", "SMD", "PB6", "", "R", 40.157, 98.425, 0, 0, 180],
		[40, "H2_4", 249.999, -838.113, "T", "SMD", "PB1", "", "R", 40.157, 98.425, 0, 0, 180],
		[41, "H2_5", 149.999, -601.893, "T", "SMD", "PB5", "", "R", 40.157, 98.425, 0, 0, 180],
		[42, "H2_6", 149.999, -838.113, "T", "SMD", "PB0", "", "R", 40.157, 98.425, 0, 0, 180],
		[43, "H2_7", 49.999, -601.893, "T", "SMD", "PB4", "", "R", 40.157, 98.425, 0, 0, 180],
		[44, "H2_8", 49.999, -838.113, "T", "SMD", "PA7", "", "R", 40.157, 98.425, 0, 0, 180],
		[45, "H2_9", -50.001, -601.882, "T", "SMD", "PA10", "", "R", 40.157, 98.425, 0, 0, 180],
		[46, "H2_10", -50.001, -838.103, "T", "SMD", "PA6", "", "R", 40.157, 98.425, 0, 0, 180],
		[47, "H2_11", -150.001, -601.882, "T", "SMD", "PA9", "", "R", 40.157, 98.425, 0, 0, 180],
		[48, "H2_12", -150.001, -838.103, "T", "SMD", "PB15", "", "R", 40.157, 98.425, 0, 0, 180],
		[49, "H2_13", -250.001, -601.882, "T", "SMD", "PA8", "", "R", 40.157, 98.425, 0, 0, 180],
		[50, "H2_14", -250.001, -838.103, "T", "SMD", "PB14", "", "R", 40.157, 98.425, 0, 0, 180],
		[51, "H2_15", -350.001, -601.882, "T", "SMD", "5V", "", "R", 40.157, 98.425, 0, 0, 180],
		[52, "H2_16", -350.001, -838.103, "T", "SMD", "NET_1", "", "R", 40.157, 98.425, 0, 0, 180],
		[53, "LED1_1", -71.69, -85, "T", "SMD", "VCC3.3", "", "R", 39.37, 55.118, 0, 0, 0],
		[54, "LED1_2", -158.31, -85, "T", "SMD", "$3N30531", "", "R", 39.37, 55.118, 0, 0, 0],
		[55, "LED2_1", 11.69, -85, "T", "SMD", "VCC3.3", "", "R", 39.37, 55.118, 0, 0, 180],
		[56, "LED2_2", 98.31, -85, "T", "SMD", "$3N30532", "", "R", 39.37, 55.118, 0, 0, 180],
		[57, "P2_1", 300, -180, "T", "DIP", "VBAT", "", "R", 70.866, 70.866, 47.244, 47.244, 90],
		[58, "P2_1", 300, -180, "B", "DIP", "VBAT", "", "R", 70.866, 70.866, 47.244, 47.244, 90],
		[59, "P2_2", 300, -80, "T", "DIP", "PC13", "", "C", 70.866, 70.866, 47.244, 47.244, 90],
		[60, "P2_2", 300, -80, "B", "DIP", "PC13", "", "C", 70.866, 70.866, 47.244, 47.244, 90],
		[61, "P2_3", 300, 20, "T", "DIP", "PC14", "", "C", 70.866, 70.866, 47.244, 47.244, 90],
		[62, "P2_3", 300, 20, "B", "DIP", "PC14", "", "C", 70.866, 70.866, 47.244, 47.244, 90],
		[63, "P2_4", 300, 120, "T", "DIP", "PC15", "", "C", 70.866, 70.866, 47.244, 47.244, 90],
		[64, "P2_4", 300, 120, "B", "DIP", "PC15", "", "C", 70.866, 70.866, 47.244, 47.244, 90],
		[65, "P2_5", 300, 220, "T", "DIP", "PA0", "", "C", 70.866, 70.866, 47.244, 47.244, 90],
		[66, "P2_5", 300, 220, "B", "DIP", "PA0", "", "C", 70.866, 70.866, 47.244, 47.244, 90],
		[67, "P2_6", 300, 320, "T", "DIP", "PA1", "", "C", 70.866, 70.866, 47.244, 47.244, 90],
		[68, "P2_6", 300, 320, "B", "DIP", "PA1", "", "C", 70.866, 70.866, 47.244, 47.244, 90],
		[69, "P2_7", 300, 420, "T", "DIP", "PA2", "", "C", 70.866, 70.866, 47.244, 47.244, 90],
		[70, "P2_7", 300, 420, "B", "DIP", "PA2", "", "C", 70.866, 70.866, 47.244, 47.244, 90],
		[71, "P2_8", 300, 520, "T", "DIP", "PA3", "", "C", 70.866, 70.866, 47.244, 47.244, 90],
		[72, "P2_8", 300, 520, "B", "DIP", "PA3", "", "C", 70.866, 70.866, 47.244, 47.244, 90],
		[73, "P2_9", 300, 620, "T", "DIP", "PA4", "", "C", 70.866, 70.866, 47.244, 47.244, 90],
		[74, "P2_9", 300, 620, "B", "DIP", "PA4", "", "C", 70.866, 70.866, 47.244, 47.244, 90],
		[75, "P2_10", 300, 720, "T", "DIP", "PA5", "", "C", 70.866, 70.866, 47.244, 47.244, 90],
		[76, "P2_10", 300, 720, "B", "DIP", "PA5", "", "C", 70.866, 70.866, 47.244, 47.244, 90],
		[77, "P2_11", 300, 820, "T", "DIP", "PA6", "", "C", 70.866, 70.866, 47.244, 47.244, 90],
		[78, "P2_11", 300, 820, "B", "DIP", "PA6", "", "C", 70.866, 70.866, 47.244, 47.244, 90],
		[79, "P2_12", 300, 920, "T", "DIP", "PA7", "", "C", 70.866, 70.866, 47.244, 47.244, 90],
		[80, "P2_12", 300, 920, "B", "DIP", "PA7", "", "C", 70.866, 70.866, 47.244, 47.244, 90],
		[81, "P2_13", 300, 1020, "T", "DIP", "PB0", "", "C", 70.866, 70.866, 47.244, 47.244, 90],
		[82, "P2_13", 300, 1020, "B", "DIP", "PB0", "", "C", 70.866, 70.866, 47.244, 47.244, 90],
		[83, "P2_14", 300, 1120, "T", "DIP", "PB1", "", "C", 70.866, 70.866, 47.244, 47.244, 90],
		[84, "P2_14", 300, 1120, "B", "DIP", "PB1", "", "C", 70.866, 70.866, 47.244, 47.244, 90],
		[85, "P2_15", 300, 1220, "T", "DIP", "PB10", "", "C", 70.866, 70.866, 47.244, 47.244, 90],
		[86, "P2_15", 300, 1220, "B", "DIP", "PB10", "", "C", 70.866, 70.866, 47.244, 47.244, 90],
		[87, "P2_16", 300, 1320, "T", "DIP", "PB11", "", "C", 70.866, 70.866, 47.244, 47.244, 90],
		[88, "P2_16", 300, 1320, "B", "DIP", "PB11", "", "C", 70.866, 70.866, 47.244, 47.244, 90],
		[89, "P2_17", 300, 1420, "T", "DIP", "RESET", "", "C", 70.866, 70.866, 47.244, 47.244, 90],
		[90, "P2_17", 300, 1420, "B", "DIP", "RESET", "", "C", 70.866, 70.866, 47.244, 47.244, 90],
		[91, "P2_18", 300, 1520, "T", "DIP", "VCC3.3", "", "C", 70.866, 70.866, 47.244, 47.244, 90],
		[92, "P2_18", 300, 1520, "B", "DIP", "VCC3.3", "", "C", 70.866, 70.866, 47.244, 47.244, 90],
		[93, "P2_19", 300, 1620, "T", "DIP", "GND", "GND", "C", 70.866, 70.866, 47.244, 47.244, 90],
		[94, "P2_19", 300, 1620, "B", "DIP", "GND", "GND", "C", 70.866, 70.866, 47.244, 47.244, 90],
		[95, "P2_20", 300, 1720, "T", "DIP", "GND", "GND", "C", 70.866, 70.866, 47.244, 47.244, 90],
		[96, "P2_20", 300, 1720, "B", "DIP", "GND", "GND", "C", 70.866, 70.866, 47.244, 47.244, 90],
		[97, "P3_1", -300, -175, "T", "DIP", "VCC3.3", "", "R", 70.866, 70.866, 47.244, 47.244, 90],
		[98, "P3_1", -300, -175, "B", "DIP", "VCC3.3", "", "R", 70.866, 70.866, 47.244, 47.244, 90],
		[99, "P3_2", -300, -75, "T", "DIP", "GND", "GND", "C", 70.866, 70.866, 47.244, 47.244, 90],
		[100, "P3_2", -300, -75, "B", "DIP", "GND", "GND", "C", 70.866, 70.866, 47.244, 47.244, 90],
		[101, "P3_3", -300, 25, "T", "DIP", "5V", "", "C", 70.866, 70.866, 47.244, 47.244, 90],
		[102, "P3_3", -300, 25, "B", "DIP", "5V", "", "C", 70.866, 70.866, 47.244, 47.244, 90],
		[103, "P3_4", -300, 125, "T", "DIP", "PB9", "", "C", 70.866, 70.866, 47.244, 47.244, 90],
		[104, "P3_4", -300, 125, "B", "DIP", "PB9", "", "C", 70.866, 70.866, 47.244, 47.244, 90],
		[105, "P3_5", -300, 225, "T", "DIP", "PB8", "", "C", 70.866, 70.866, 47.244, 47.244, 90],
		[106, "P3_5", -300, 225, "B", "DIP", "PB8", "", "C", 70.866, 70.866, 47.244, 47.244, 90],
		[107, "P3_6", -300, 325, "T", "DIP", "PB7", "", "C", 70.866, 70.866, 47.244, 47.244, 90],
		[108, "P3_6", -300, 325, "B", "DIP", "PB7", "", "C", 70.866, 70.866, 47.244, 47.244, 90],
		[109, "P3_7", -300, 425, "T", "DIP", "PB6", "", "C", 70.866, 70.866, 47.244, 47.244, 90],
		[110, "P3_7", -300, 425, "B", "DIP", "PB6", "", "C", 70.866, 70.866, 47.244, 47.244, 90],
		[111, "P3_8", -300, 525, "T", "DIP", "PB5", "", "C", 70.866, 70.866, 47.244, 47.244, 90],
		[112, "P3_8", -300, 525, "B", "DIP", "PB5", "", "C", 70.866, 70.866, 47.244, 47.244, 90],
		[113, "P3_9", -300, 625, "T", "DIP", "PB4", "", "C", 70.866, 70.866, 47.244, 47.244, 90],
		[114, "P3_9", -300, 625, "B", "DIP", "PB4", "", "C", 70.866, 70.866, 47.244, 47.244, 90],
		[115, "P3_10", -300, 725, "T", "DIP", "PB3", "", "C", 70.866, 70.866, 47.244, 47.244, 90],
		[116, "P3_10", -300, 725, "B", "DIP", "PB3", "", "C", 70.866, 70.866, 47.244, 47.244, 90],
		[117, "P3_11", -300, 825, "T", "DIP", "PA15", "", "C", 70.866, 70.866, 47.244, 47.244, 90],
		[118, "P3_11", -300, 825, "B", "DIP", "PA15", "", "C", 70.866, 70.866, 47.244, 47.244, 90],
		[119, "P3_12", -300, 925, "T", "DIP", "PA12", "", "C", 70.866, 70.866, 47.244, 47.244, 90],
		[120, "P3_12", -300, 925, "B", "DIP", "PA12", "", "C", 70.866, 70.866, 47.244, 47.244, 90],
		[121, "P3_13", -300, 1025, "T", "DIP", "PA11", "", "C", 70.866, 70.866, 47.244, 47.244, 90],
		[122, "P3_13", -300, 1025, "B", "DIP", "PA11", "", "C", 70.866, 70.866, 47.244, 47.244, 90],
		[123, "P3_14", -300, 1125, "T", "DIP", "PA10", "", "C", 70.866, 70.866, 47.244, 47.244, 90],
		[124, "P3_14", -300, 1125, "B", "DIP", "PA10", "", "C", 70.866, 70.866, 47.244, 47.244, 90],
		[125, "P3_15", -300, 1225, "T", "DIP", "PA9", "", "C", 70.866, 70.866, 47.244, 47.244, 90],
		[126, "P3_15", -300, 1225, "B", "DIP", "PA9", "", "C", 70.866, 70.866, 47.244, 47.244, 90],
		[127, "P3_16", -300, 1325, "T", "DIP", "PA8", "", "C", 70.866, 70.866, 47.244, 47.244, 90],
		[128, "P3_16", -300, 1325, "B", "DIP", "PA8", "", "C", 70.866, 70.866, 47.244, 47.244, 90],
		[129, "P3_17", -300, 1425, "T", "DIP", "PB15", "", "C", 70.866, 70.866, 47.244, 47.244, 90],
		[130, "P3_17", -300, 1425, "B", "DIP", "PB15", "", "C", 70.866, 70.866, 47.244, 47.244, 90],
		[131, "P3_18", -300, 1525, "T", "DIP", "PB14", "", "C", 70.866, 70.866, 47.244, 47.244, 90],
		[132, "P3_18", -300, 1525, "B", "DIP", "PB14", "", "C", 70.866, 70.866, 47.244, 47.244, 90],
		[133, "P3_19", -300, 1625, "T", "DIP", "PB13", "", "C", 70.866, 70.866, 47.244, 47.244, 90],
		[134, "P3_19", -300, 1625, "B", "DIP", "PB13", "", "C", 70.866, 70.866, 47.244, 47.244, 90],
		[135, "P3_20", -300, 1725, "T", "DIP", "PB12", "", "C", 70.866, 70.866, 47.244, 47.244, 90],
		[136, "P3_20", -300, 1725, "B", "DIP", "PB12", "", "C", 70.866, 70.866, 47.244, 47.244, 90],
		[137, "R1_1", -31.49, 540, "T", "SMD", "OSCOUT", "", "R", 39.37, 43.307, 0, 0, 180],
		[138, "R1_2", 31.5, 540, "T", "SMD", "OSCIN", "", "R", 39.37, 43.307, 0, 0, 180],
		[139, "R2_1", -541.49, 1025, "T", "SMD", "USB_DM", "", "R", 39.37, 43.307, 0, 0, 180],
		[140, "R2_2", -478.5, 1025, "T", "SMD", "PA11", "", "R", 39.37, 43.307, 0, 0, 180],
		[141, "R3_1", -541.49, 920, "T", "SMD", "USB_DP", "", "R", 39.37, 43.307, 0, 0, 180],
		[142, "R3_2", -478.5, 920, "T", "SMD", "PA12", "", "R", 39.37, 43.307, 0, 0, 180],
		[143, "R4_1", -405, 858.51, "T", "SMD", "5V", "", "R", 39.37, 43.307, 0, 0, 270],
		[144, "R4_2", -405, 921.5, "T", "SMD", "PA12", "", "R", 39.37, 43.307, 0, 0, 270],
		[145, "R5_1", 132.2576, 1064.4907, "T", "SMD", "RESET", "", "R", 39.37, 43.307, 0, 0, 45],
		[146, "R5_2", 87.7169, 1019.95, "T", "SMD", "VCC3.3", "", "R", 39.37, 43.307, 0, 0, 45],
		[147, "R6_1", -120.201, 1396.516, "T", "SMD", "GND", "GND", "R", 39.37, 43.307, 0, 0, 90],
		[148, "R6_2", -120.201, 1333.526, "T", "SMD", "BOOT1", "", "R", 39.37, 43.307, 0, 0, 90],
		[149, "R8_1", -138.51, 0, "T", "SMD", "$3N30531", "", "R", 39.37, 43.307, 0, 0, 0],
		[150, "R8_2", -201.5, 0, "T", "SMD", "GND", "GND", "R", 39.37, 43.307, 0, 0, 0],
		[151, "R9_1", 175, -86.49, "T", "SMD", "$3N30532", "", "R", 39.37, 43.307, 0, 0, 270],
		[152, "R9_2", 175, -23.5, "T", "SMD", "PC13", "", "R", 39.37, 43.307, 0, 0, 270],
		[153, "R14_1", 125, 1419.66, "T", "SMD", "$3N30903", "", "R", 31.751, 34.016, 0, 0, 270],
		[154, "R14_2", 125, 1360.34, "T", "SMD", "GND", "GND", "R", 31.751, 34.016, 0, 0, 270],
		[155, "R15_1", 185, 1360.34, "T", "SMD", "GND", "GND", "R", 31.751, 34.016, 0, 0, 90],
		[156, "R15_2", 185, 1419.66, "T", "SMD", "$3N30904", "", "R", 31.751, 34.016, 0, 0, 90],
		[157, "R16_1", -120.201, 1261.516, "T", "SMD", "BOOT1", "", "R", 39.37, 43.307, 0, 0, 90],
		[158, "R16_2", -120.201, 1198.526, "T", "SMD", "VCC3.3", "", "R", 39.37, 43.307, 0, 0, 90],
		[159, "R17_1", -58.51, 1125, "T", "SMD", "$3N31755", "", "R", 39.37, 43.307, 0, 0, 0],
		[160, "R17_2", -121.5, 1125, "T", "SMD", "GND", "GND", "R", 39.37, 43.307, 0, 0, 0],
		[161, "R18_1", 244.66, -455, "T", "SMD", "PB9", "", "R", 31.751, 34.016, 0, 0, 180],
		[162, "R18_2", 185.34, -455, "T", "SMD", "5V", "", "R", 31.751, 34.016, 0, 0, 180],
		[163, "SW1_1", -59.13, 1190.945, "T", "SMD", "NET_2", "", "R", 39.37, 33.465, 0, 0, 90],
		[164, "SW1_2", -59.13, 1309.055, "T", "SMD", "VCC3.3", "", "R", 39.37, 33.465, 0, 0, 90],
		[165, "SW1_3", 49.13, 1190.945, "T", "SMD", "$3N31755", "", "R", 39.37, 33.465, 0, 0, 90],
		[166, "SW1_4", 49.13, 1309.055, "T", "SMD", "BOOT0", "", "R", 39.37, 33.465, 0, 0, 90],
		[167, "SW2_1", 100.87, 1190.945, "T", "SMD", "RESET", "", "R", 39.37, 33.465, 0, 0, 90],
		[168, "SW2_2", 100.87, 1309.055, "T", "SMD", "NET_3", "", "R", 39.37, 33.465, 0, 0, 90],
		[169, "SW2_3", 209.13, 1190.945, "T", "SMD", "NET_4", "", "R", 39.37, 33.465, 0, 0, 90],
		[170, "SW2_4", 209.13, 1309.055, "T", "SMD", "GND", "GND", "R", 39.37, 33.465, 0, 0, 90],
		[171, "U1_1", 41.75, 592.5316, "T", "SMD", "VBAT", "", "O", 11.811, 59.055, 0, 0, 225],
		[172, "U1_2", 55.68, 606.4516, "T", "SMD", "PC13", "", "O", 11.811, 59.055, 0, 0, 225],
		[173, "U1_3", 69.59, 620.3716, "T", "SMD", "PC14", "", "O", 11.811, 59.055, 0, 0, 225],
		[174, "U1_4", 83.52, 634.2916, "T", "SMD", "PC15", "", "O", 11.811, 59.055, 0, 0, 225],
		[175, "U1_5", 97.43, 648.2116, "T", "SMD", "OSCIN", "", "O", 11.811, 59.055, 0, 0, 225],
		[176, "U1_6", 111.35, 662.1316, "T", "SMD", "OSCOUT", "", "O", 11.811, 59.055, 0, 0, 225],
		[177, "U1_7", 125.27, 676.0416, "T", "SMD", "RESET", "", "O", 11.811, 59.055, 0, 0, 225],
		[178, "U1_8", 139.19, 689.9716, "T", "SMD", "GND", "GND", "O", 11.811, 59.055, 0, 0, 225],
		[179, "U1_9", 153.11, 703.8816, "T", "SMD", "VCC3.3", "", "O", 11.811, 59.055, 0, 0, 225],
		[180, "U1_10", 167.03, 717.8116, "T", "SMD", "PA0", "", "O", 11.811, 59.055, 0, 0, 225],
		[181, "U1_11", 180.95, 731.7216, "T", "SMD", "PA1", "", "O", 11.811, 59.055, 0, 0, 225],
		[182, "U1_12", 194.87, 745.6416, "T", "SMD", "PA2", "", "O", 11.811, 59.055, 0, 0, 225],
		[183, "U1_13", 194.87, 829.1616, "T", "SMD", "PA3", "", "O", 11.811, 59.055, 0, 0, 135],
		[184, "U1_14", 180.95, 843.0816, "T", "SMD", "PA4", "", "O", 11.811, 59.055, 0, 0, 135],
		[185, "U1_15", 167.03, 856.9916, "T", "SMD", "PA5", "", "O", 11.811, 59.055, 0, 0, 135],
		[186, "U1_16", 153.11, 870.9216, "T", "SMD", "PA6", "", "O", 11.811, 59.055, 0, 0, 135],
		[187, "U1_17", 139.19, 884.8316, "T", "SMD", "PA7", "", "O", 11.811, 59.055, 0, 0, 135],
		[188, "U1_18", 125.27, 898.7616, "T", "SMD", "PB0", "", "O", 11.811, 59.055, 0, 0, 135],
		[189, "U1_19", 111.35, 912.6716, "T", "SMD", "PB1", "", "O", 11.811, 59.055, 0, 0, 135],
		[190, "U1_20", 97.43, 926.5916, "T", "SMD", "BOOT1", "", "O", 11.811, 59.055, 0, 0, 135],
		[191, "U1_21", 83.52, 940.5116, "T", "SMD", "PB10", "", "O", 11.811, 59.055, 0, 0, 135],
		[192, "U1_22", 69.59, 954.4316, "T", "SMD", "PB11", "", "O", 11.811, 59.055, 0, 0, 135],
		[193, "U1_23", 55.68, 968.3516, "T", "SMD", "GND", "GND", "O", 11.811, 59.055, 0, 0, 135],
		[194, "U1_24", 41.75, 982.2716, "T", "SMD", "VCC3.3", "", "O", 11.811, 59.055, 0, 0, 135],
		[195, "U1_25", -41.76, 982.2716, "T", "SMD", "PB12", "", "O", 11.811, 59.055, 0, 0, 225],
		[196, "U1_26", -55.68, 968.3516, "T", "SMD", "PB13", "", "O", 11.811, 59.055, 0, 0, 225],
		[197, "U1_27", -69.59, 954.4316, "T", "SMD", "PB14", "", "O", 11.811, 59.055, 0, 0, 225],
		[198, "U1_28", -83.52, 940.5116, "T", "SMD", "PB15", "", "O", 11.811, 59.055, 0, 0, 225],
		[199, "U1_29", -97.43, 926.5916, "T", "SMD", "PA8", "", "O", 11.811, 59.055, 0, 0, 225],
		[200, "U1_30", -111.36, 912.6716, "T", "SMD", "PA9", "", "O", 11.811, 59.055, 0, 0, 225],
		[201, "U1_31", -125.27, 898.7616, "T", "SMD", "PA10", "", "O", 11.811, 59.055, 0, 0, 225],
		[202, "U1_32", -139.19, 884.8316, "T", "SMD", "PA11", "", "O", 11.811, 59.055, 0, 0, 225],
		[203, "U1_33", -153.11, 870.9216, "T", "SMD", "PA12", "", "O", 11.811, 59.055, 0, 0, 225],
		[204, "U1_34", -167.03, 856.9916, "T", "SMD", "PA13", "", "O", 11.811, 59.055, 0, 0, 225],
		[205, "U1_35", -180.95, 843.0816, "T", "SMD", "GND", "GND", "O", 11.811, 59.055, 0, 0, 225],
		[206, "U1_36", -194.87, 829.1616, "T", "SMD", "VCC3.3", "", "O", 11.811, 59.055, 0, 0, 225],
		[207, "U1_37", -194.87, 745.6416, "T", "SMD", "PA14", "", "O", 11.811, 59.055, 0, 0, 135],
		[208, "U1_38", -180.95, 731.7216, "T", "SMD", "PA15", "", "O", 11.811, 59.055, 0, 0, 135],
		[209, "U1_39", -167.03, 717.8116, "T", "SMD", "PB3", "", "O", 11.811, 59.055, 0, 0, 135],
		[210, "U1_40", -153.11, 703.8816, "T", "SMD", "PB4", "", "O", 11.811, 59.055, 0, 0, 135],
		[211, "U1_41", -139.19, 689.9716, "T", "SMD", "PB5", "", "O", 11.811, 59.055, 0, 0, 135],
		[212, "U1_42", -125.27, 676.0416, "T", "SMD", "PB6", "", "O", 11.811, 59.055, 0, 0, 135],
		[213, "U1_43", -111.36, 662.1316, "T", "SMD", "PB7", "", "O", 11.811, 59.055, 0, 0, 135],
		[214, "U1_44", -97.43, 648.2116, "T", "SMD", "BOOT0", "", "O", 11.811, 59.055, 0, 0, 135],
		[215, "U1_45", -83.52, 634.2916, "T", "SMD", "PB8", "", "O", 11.811, 59.055, 0, 0, 135],
		[216, "U1_46", -69.59, 620.3716, "T", "SMD", "PB9", "", "O", 11.811, 59.055, 0, 0, 135],
		[217, "U1_47", -55.68, 606.4516, "T", "SMD", "GND", "GND", "O", 11.811, 59.055, 0, 0, 135],
		[218, "U1_48", -41.76, 592.5316, "T", "SMD", "VCC3.3", "", "O", 11.811, 59.055, 0, 0, 135],
		[219, "U4_1", 601.397, 1213.647, "T", "SMD", "GND", "GND", "R", 97.244, 38.583, 0, 0, 90],
		[220, "U4_2", 510.847, 1213.647, "T", "SMD", "VCC3.3", "", "R", 97.244, 38.583, 0, 0, 90],
		[221, "U4_3", 420.297, 1213.647, "T", "SMD", "5V", "", "R", 97.244, 38.583, 0, 0, 90],
		[222, "U4_4", 510.847, 990.427, "T", "SMD", "VCC3.3", "", "R", 97.244, 141.732, 0, 0, 90],
		[223, "USB1_1", 170.08, 1588.038, "T", "DIP", "GND", "GND", "O", 39.37, 78.74, 23.622, 66.929, 180],
		[224, "USB1_1", 170.08, 1588.038, "B", "DIP", "GND", "GND", "O", 39.37, 78.74, 23.622, 66.929, 180],
		[225, "USB1_2", -170.08, 1588.038, "T", "DIP", "GND", "GND", "O", 39.37, 78.74, 23.622, 66.929, 180],
		[226, "USB1_2", -170.08, 1588.038, "B", "DIP", "GND", "GND", "O", 39.37, 78.74, 23.622, 66.929, 180],
		[227, "USB1_3", 170.08, 1752.608, "T", "DIP", "GND", "GND", "O", 39.37, 70.866, 23.622, 55.118, 180],
		[228, "USB1_3", 170.08, 1752.608, "B", "DIP", "GND", "GND", "O", 39.37, 70.866, 23.622, 55.118, 180],
		[229, "USB1_4", -170.08, 1752.608, "T", "DIP", "GND", "GND", "O", 39.37, 70.866, 23.622, 55.118, 180],
		[230, "USB1_4", -170.08, 1752.608, "B", "DIP", "GND", "GND", "O", 39.37, 70.866, 23.622, 55.118, 180],
		[231, "USB1_A1", 131.89, 1562.448, "T", "SMD", "GND", "GND", "R", 11.811, 51.181, 0, 0, 180],
		[232, "USB1_A12", -131.89, 1562.448, "T", "SMD", "GND", "GND", "R", 11.811, 51.181, 0, 0, 180],
		[233, "USB1_A4", 100.39, 1562.448, "T", "SMD", "5V", "", "R", 11.811, 51.181, 0, 0, 180],
		[234, "USB1_A5", 49.21, 1562.448, "T", "SMD", "$3N30904", "", "R", 11.811, 51.181, 0, 0, 180],
		[235, "USB1_A6", 9.84, 1562.448, "T", "SMD", "USB_DP", "", "R", 11.811, 51.181, 0, 0, 180],
		[236, "USB1_A7", -9.84, 1562.448, "T", "SMD", "USB_DM", "", "R", 11.811, 51.181, 0, 0, 180],
		[237, "USB1_A8", -49.2, 1562.448, "T", "SMD", "NET_5", "", "R", 11.811, 51.181, 0, 0, 180],
		[238, "USB1_A9", -100.389, 1562.447, "T", "SMD", "5V", "", "R", 11.811, 51.181, 0, 0, 0],
		[239, "USB1_B1", -120.08, 1562.448, "T", "SMD", "GND", "GND", "R", 11.811, 51.181, 0, 0, 180],
		[240, "USB1_B12", 120.08, 1562.448, "T", "SMD", "GND", "GND", "R", 11.811, 51.181, 0, 0, 180],
		[241, "USB1_B4", -88.579, 1562.447, "T", "SMD", "5V", "", "R", 11.811, 51.181, 0, 0, 0],
		[242, "USB1_B5", -68.9, 1562.448, "T", "SMD", "$3N30903", "", "R", 11.811, 51.181, 0, 0, 180],
		[243, "USB1_B6", -29.53, 1562.448, "T", "SMD", "USB_DP", "", "R", 11.811, 51.181, 0, 0, 180],
		[244, "USB1_B7", 29.53, 1562.448, "T", "SMD", "USB_DM", "", "R", 11.811, 51.181, 0, 0, 180],
		[245, "USB1_B8", 68.9, 1562.448, "T", "SMD", "NET_6", "", "R", 11.811, 51.181, 0, 0, 180],
		[246, "USB1_B9", 88.58, 1562.448, "T", "SMD", "5V", "", "R", 11.811, 51.181, 0, 0, 180],
		[247, "X3_1", -96.06, 405, "T", "DIP", "OSCOUT", "", "R", 59.055, 59.055, 35.434, 35.434, 0],
		[248, "X3_1", -96.06, 405, "B", "DIP", "OSCOUT", "", "R", 59.055, 59.055, 35.434, 35.434, 0],
		[249, "X3_2", 96.06, 405, "T", "DIP", "OSCIN", "", "C", 59.055, 59.055, 35.434, 35.434, 0],
		[250, "X3_2", 96.06, 405, "B", "DIP", "OSCIN", "", "C", 59.055, 59.055, 35.434, 35.434, 0],
		[251, "X4_1", 130.081, 40, "T", "SMD", "PC14", "", "R", 98.425, 39.37, 0, 0, 0],
		[252, "X4_2", 130.081, 140, "T", "SMD", "PC15", "", "R", 98.425, 39.37, 0, 0, 0],
		[253, "X4_3", -110.079, 90, "T", "SMD", "GND", "GND", "R", 98.425, 244.094, 0, 0, 90],
		[254, "PAD1_1", 5.43, 0, "T", "SMD", "PC14", "", "R", 39.37, 43.307, 0, 0, 0],
		[255, "PAD2_2", -65.44, 0, "T", "SMD", "GND", "GND", "R", 39.37, 43.307, 0, 0, 0],
		[256, "PAD3_1", 5.43, 180, "T", "SMD", "PC15", "", "R", 39.37, 43.307, 0, 0, 0],
		[257, "PAD4_2", -65.44, 180, "T", "SMD", "GND", "GND", "R", 39.37, 43.307, 0, 0, 0],
		[258, "PAD5_1", -110.43, 265, "T", "SMD", "OSCOUT", "", "R", 39.37, 43.307, 0, 0, 180],
		[259, "PAD6_2", -39.56, 265, "T", "SMD", "GND", "GND", "R", 39.37, 43.307, 0, 0, 180],
		[260, "PAD7_1", 110.43, 265, "T", "SMD", "OSCIN", "", "R", 39.37, 43.307, 0, 0, 0],
		[261, "PAD8_2", 39.56, 265, "T", "SMD", "GND", "GND", "R", 39.37, 43.307, 0, 0, 0],
		[262, "PAD9_1", 29.938, 1072.1711, "T", "SMD", "GND", "GND", "R", 39.37, 43.307, 0, 0, 225],
		[263, "PAD10_2", 80.0507, 1122.2838, "T", "SMD", "RESET", "", "R", 39.37, 43.307, 0, 0, 225],
		[264, "PAD11_1", 470.43, 1520, "T", "SMD", "GND", "GND", "R", 39.37, 43.307, 0, 0, 0],
		[265, "PAD12_2", 399.56, 1520, "T", "SMD", "VCC3.3", "", "R", 39.37, 43.307, 0, 0, 0],
		[266, "PAD13_1", 150, -355.43, "T", "SMD", "GND", "GND", "R", 39.37, 43.307, 0, 0, 270],
		[267, "PAD14_2", 150, -284.56, "T", "SMD", "VCC3.3", "", "R", 39.37, 43.307, 0, 0, 270],
		[268, "PAD15_1", -305, -340.43, "T", "SMD", "GND", "GND", "R", 39.37, 43.307, 0, 0, 270],
		[269, "PAD16_2", -305, -269.56, "T", "SMD", "VCC3.3", "", "R", 39.37, 43.307, 0, 0, 270],
		[270, "PAD17_1", 490.43, 1390, "T", "SMD", "GND", "GND", "R", 39.37, 43.307, 0, 0, 0],
		[271, "PAD18_2", 419.56, 1390, "T", "SMD", "5V", "", "R", 39.37, 43.307, 0, 0, 0],
		[272, "PAD19_1", 551.277, 807.037, "T", "SMD", "GND", "GND", "R", 39.37, 43.307, 0, 0, 0],
		[273, "PAD20_2", 480.407, 807.037, "T", "SMD", "VCC3.3", "", "R", 39.37, 43.307, 0, 0, 0],
		[274, "PAD21_1", 551.277, 897.037, "T", "SMD", "GND", "GND", "R", 39.37, 43.307, 0, 0, 0],
		[275, "PAD22_2", 480.407, 897.037, "T", "SMD", "VCC3.3", "", "R", 39.37, 43.307, 0, 0, 0],
		[276, "PAD23_1", 490.43, 1310, "T", "SMD", "GND", "GND", "R", 39.37, 43.307, 0, 0, 0],
		[277, "PAD24_2", 419.56, 1310, "T", "SMD", "5V", "", "R", 39.37, 43.307, 0, 0, 0],
		[278, "PAD25_1", -470.43, 20, "T", "SMD", "GND", "GND", "R", 39.37, 43.307, 0, 0, 180],
		[279, "PAD26_2", -399.56, 20, "T", "SMD", "5V", "", "R", 39.37, 43.307, 0, 0, 180],
		[280, "PAD27_1", -150, -185, "T", "DIP", "GND", "GND", "R", 66.929, 66.929, 43.308, 43.308, 0],
		[281, "PAD27_1", -150, -185, "B", "DIP", "GND", "GND", "R", 66.929, 66.929, 43.308, 43.308, 0],
		[282, "PAD28_2", -50, -185, "T", "DIP", "PA14", "", "C", 66.929, 66.929, 43.308, 43.308, 0],
		[283, "PAD28_2", -50, -185, "B", "DIP", "PA14", "", "C", 66.929, 66.929, 43.308, 43.308, 0],
		[284, "PAD29_3", 50, -185, "T", "DIP", "PA13", "", "C", 66.929, 66.929, 43.308, 43.308, 0],
		[285, "PAD29_3", 50, -185, "B", "DIP", "PA13", "", "C", 66.929, 66.929, 43.308, 43.308, 0],
		[286, "PAD30_4", 150, -185, "T", "DIP", "VCC3.3", "", "C", 66.929, 66.929, 43.308, 43.308, 0],
		[287, "PAD30_4", 150, -185, "B", "DIP", "VCC3.3", "", "C", 66.929, 66.929, 43.308, 43.308, 0],
		[288, "PAD31_2", -158.31, -85, "T", "SMD", "$3N30531", "", "R", 39.37, 55.118, 0, 0, 0],
		[289, "PAD32_1", -71.69, -85, "T", "SMD", "VCC3.3", "", "R", 39.37, 55.118, 0, 0, 0],
		[290, "PAD33_2", 98.31, -85, "T", "SMD", "$3N30532", "", "R", 39.37, 55.118, 0, 0, 180],
		[291, "PAD34_1", 11.69, -85, "T", "SMD", "VCC3.3", "", "R", 39.37, 55.118, 0, 0, 180],
		[292, "PAD35_20", 300, 1720, "T", "DIP", "GND", "GND", "C", 70.866, 70.866, 47.244, 47.244, 90],
		[293, "PAD35_20", 300, 1720, "B", "DIP", "GND", "GND", "C", 70.866, 70.866, 47.244, 47.244, 90],
		[294, "PAD36_19", 300, 1620, "T", "DIP", "GND", "GND", "C", 70.866, 70.866, 47.244, 47.244, 90],
		[295, "PAD36_19", 300, 1620, "B", "DIP", "GND", "GND", "C", 70.866, 70.866, 47.244, 47.244, 90],
		[296, "PAD37_18", 300, 1520, "T", "DIP", "VCC3.3", "", "C", 70.866, 70.866, 47.244, 47.244, 90],
		[297, "PAD37_18", 300, 1520, "B", "DIP", "VCC3.3", "", "C", 70.866, 70.866, 47.244, 47.244, 90],
		[298, "PAD38_17", 300, 1420, "T", "DIP", "RESET", "", "C", 70.866, 70.866, 47.244, 47.244, 90],
		[299, "PAD38_17", 300, 1420, "B", "DIP", "RESET", "", "C", 70.866, 70.866, 47.244, 47.244, 90],
		[300, "PAD39_16", 300, 1320, "T", "DIP", "PB11", "", "C", 70.866, 70.866, 47.244, 47.244, 90],
		[301, "PAD39_16", 300, 1320, "B", "DIP", "PB11", "", "C", 70.866, 70.866, 47.244, 47.244, 90],
		[302, "PAD40_15", 300, 1220, "T", "DIP", "PB10", "", "C", 70.866, 70.866, 47.244, 47.244, 90],
		[303, "PAD40_15", 300, 1220, "B", "DIP", "PB10", "", "C", 70.866, 70.866, 47.244, 47.244, 90],
		[304, "PAD41_14", 300, 1120, "T", "DIP", "PB1", "", "C", 70.866, 70.866, 47.244, 47.244, 90],
		[305, "PAD41_14", 300, 1120, "B", "DIP", "PB1", "", "C", 70.866, 70.866, 47.244, 47.244, 90],
		[306, "PAD42_13", 300, 1020, "T", "DIP", "PB0", "", "C", 70.866, 70.866, 47.244, 47.244, 90],
		[307, "PAD42_13", 300, 1020, "B", "DIP", "PB0", "", "C", 70.866, 70.866, 47.244, 47.244, 90],
		[308, "PAD43_12", 300, 920, "T", "DIP", "PA7", "", "C", 70.866, 70.866, 47.244, 47.244, 90],
		[309, "PAD43_12", 300, 920, "B", "DIP", "PA7", "", "C", 70.866, 70.866, 47.244, 47.244, 90],
		[310, "PAD44_11", 300, 820, "T", "DIP", "PA6", "", "C", 70.866, 70.866, 47.244, 47.244, 90],
		[311, "PAD44_11", 300, 820, "B", "DIP", "PA6", "", "C", 70.866, 70.866, 47.244, 47.244, 90],
		[312, "PAD45_10", 300, 720, "T", "DIP", "PA5", "", "C", 70.866, 70.866, 47.244, 47.244, 90],
		[313, "PAD45_10", 300, 720, "B", "DIP", "PA5", "", "C", 70.866, 70.866, 47.244, 47.244, 90],
		[314, "PAD46_9", 300, 620, "T", "DIP", "PA4", "", "C", 70.866, 70.866, 47.244, 47.244, 90],
		[315, "PAD46_9", 300, 620, "B", "DIP", "PA4", "", "C", 70.866, 70.866, 47.244, 47.244, 90],
		[316, "PAD47_8", 300, 520, "T", "DIP", "PA3", "", "C", 70.866, 70.866, 47.244, 47.244, 90],
		[317, "PAD47_8", 300, 520, "B", "DIP", "PA3", "", "C", 70.866, 70.866, 47.244, 47.244, 90],
		[318, "PAD48_7", 300, 420, "T", "DIP", "PA2", "", "C", 70.866, 70.866, 47.244, 47.244, 90],
		[319, "PAD48_7", 300, 420, "B", "DIP", "PA2", "", "C", 70.866, 70.866, 47.244, 47.244, 90],
		[320, "PAD49_6", 300, 320, "T", "DIP", "PA1", "", "C", 70.866, 70.866, 47.244, 47.244, 90],
		[321, "PAD49_6", 300, 320, "B", "DIP", "PA1", "", "C", 70.866, 70.866, 47.244, 47.244, 90],
		[322, "PAD50_5", 300, 220, "T", "DIP", "PA0", "", "C", 70.866, 70.866, 47.244, 47.244, 90],
		[323, "PAD50_5", 300, 220, "B", "DIP", "PA0", "", "C", 70.866, 70.866, 47.244, 47.244, 90],
		[324, "PAD51_4", 300, 120, "T", "DIP", "PC15", "", "C", 70.866, 70.866, 47.244, 47.244, 90],
		[325, "PAD51_4", 300, 120, "B", "DIP", "PC15", "", "C", 70.866, 70.866, 47.244, 47.244, 90],
		[326, "PAD52_3", 300, 20, "T", "DIP", "PC14", "", "C", 70.866, 70.866, 47.244, 47.244, 90],
		[327, "PAD52_3", 300, 20, "B", "DIP", "PC14", "", "C", 70.866, 70.866, 47.244, 47.244, 90],
		[328, "PAD53_2", 300, -80, "T", "DIP", "PC13", "", "C", 70.866, 70.866, 47.244, 47.244, 90],
		[329, "PAD53_2", 300, -80, "B", "DIP", "PC13", "", "C", 70.866, 70.866, 47.244, 47.244, 90],
		[330, "PAD54_1", 300, -180, "T", "DIP", "VBAT", "", "R", 70.866, 70.866, 47.244, 47.244, 90],
		[331, "PAD54_1", 300, -180, "B", "DIP", "VBAT", "", "R", 70.866, 70.866, 47.244, 47.244, 90],
		[332, "PAD55_20", -300, 1725, "T", "DIP", "PB12", "", "C", 70.866, 70.866, 47.244, 47.244, 90],
		[333, "PAD55_20", -300, 1725, "B", "DIP", "PB12", "", "C", 70.866, 70.866, 47.244, 47.244, 90],
		[334, "PAD56_19", -300, 1625, "T", "DIP", "PB13", "", "C", 70.866, 70.866, 47.244, 47.244, 90],
		[335, "PAD56_19", -300, 1625, "B", "DIP", "PB13", "", "C", 70.866, 70.866, 47.244, 47.244, 90],
		[336, "PAD57_18", -300, 1525, "T", "DIP", "PB14", "", "C", 70.866, 70.866, 47.244, 47.244, 90],
		[337, "PAD57_18", -300, 1525, "B", "DIP", "PB14", "", "C", 70.866, 70.866, 47.244, 47.244, 90],
		[338, "PAD58_17", -300, 1425, "T", "DIP", "PB15", "", "C", 70.866, 70.866, 47.244, 47.244, 90],
		[339, "PAD58_17", -300, 1425, "B", "DIP", "PB15", "", "C", 70.866, 70.866, 47.244, 47.244, 90],
		[340, "PAD59_16", -300, 1325, "T", "DIP", "PA8", "", "C", 70.866, 70.866, 47.244, 47.244, 90],
		[341, "PAD59_16", -300, 1325, "B", "DIP", "PA8", "", "C", 70.866, 70.866, 47.244, 47.244, 90],
		[342, "PAD60_15", -300, 1225, "T", "DIP", "PA9", "", "C", 70.866, 70.866, 47.244, 47.244, 90],
		[343, "PAD60_15", -300, 1225, "B", "DIP", "PA9", "", "C", 70.866, 70.866, 47.244, 47.244, 90],
		[344, "PAD61_14", -300, 1125, "T", "DIP", "PA10", "", "C", 70.866, 70.866, 47.244, 47.244, 90],
		[345, "PAD61_14", -300, 1125, "B", "DIP", "PA10", "", "C", 70.866, 70.866, 47.244, 47.244, 90],
		[346, "PAD62_13", -300, 1025, "T", "DIP", "PA11", "", "C", 70.866, 70.866, 47.244, 47.244, 90],
		[347, "PAD62_13", -300, 1025, "B", "DIP", "PA11", "", "C", 70.866, 70.866, 47.244, 47.244, 90],
		[348, "PAD63_12", -300, 925, "T", "DIP", "PA12", "", "C", 70.866, 70.866, 47.244, 47.244, 90],
		[349, "PAD63_12", -300, 925, "B", "DIP", "PA12", "", "C", 70.866, 70.866, 47.244, 47.244, 90],
		[350, "PAD64_11", -300, 825, "T", "DIP", "PA15", "", "C", 70.866, 70.866, 47.244, 47.244, 90],
		[351, "PAD64_11", -300, 825, "B", "DIP", "PA15", "", "C", 70.866, 70.866, 47.244, 47.244, 90],
		[352, "PAD65_10", -300, 725, "T", "DIP", "PB3", "", "C", 70.866, 70.866, 47.244, 47.244, 90],
		[353, "PAD65_10", -300, 725, "B", "DIP", "PB3", "", "C", 70.866, 70.866, 47.244, 47.244, 90],
		[354, "PAD66_9", -300, 625, "T", "DIP", "PB4", "", "C", 70.866, 70.866, 47.244, 47.244, 90],
		[355, "PAD66_9", -300, 625, "B", "DIP", "PB4", "", "C", 70.866, 70.866, 47.244, 47.244, 90],
		[356, "PAD67_8", -300, 525, "T", "DIP", "PB5", "", "C", 70.866, 70.866, 47.244, 47.244, 90],
		[357, "PAD67_8", -300, 525, "B", "DIP", "PB5", "", "C", 70.866, 70.866, 47.244, 47.244, 90],
		[358, "PAD68_7", -300, 425, "T", "DIP", "PB6", "", "C", 70.866, 70.866, 47.244, 47.244, 90],
		[359, "PAD68_7", -300, 425, "B", "DIP", "PB6", "", "C", 70.866, 70.866, 47.244, 47.244, 90],
		[360, "PAD69_6", -300, 325, "T", "DIP", "PB7", "", "C", 70.866, 70.866, 47.244, 47.244, 90],
		[361, "PAD69_6", -300, 325, "B", "DIP", "PB7", "", "C", 70.866, 70.866, 47.244, 47.244, 90],
		[362, "PAD70_5", -300, 225, "T", "DIP", "PB8", "", "C", 70.866, 70.866, 47.244, 47.244, 90],
		[363, "PAD70_5", -300, 225, "B", "DIP", "PB8", "", "C", 70.866, 70.866, 47.244, 47.244, 90],
		[364, "PAD71_4", -300, 125, "T", "DIP", "PB9", "", "C", 70.866, 70.866, 47.244, 47.244, 90],
		[365, "PAD71_4", -300, 125, "B", "DIP", "PB9", "", "C", 70.866, 70.866, 47.244, 47.244, 90],
		[366, "PAD72_3", -300, 25, "T", "DIP", "5V", "", "C", 70.866, 70.866, 47.244, 47.244, 90],
		[367, "PAD72_3", -300, 25, "B", "DIP", "5V", "", "C", 70.866, 70.866, 47.244, 47.244, 90],
		[368, "PAD73_2", -300, -75, "T", "DIP", "GND", "GND", "C", 70.866, 70.866, 47.244, 47.244, 90],
		[369, "PAD73_2", -300, -75, "B", "DIP", "GND", "GND", "C", 70.866, 70.866, 47.244, 47.244, 90],
		[370, "PAD74_1", -300, -175, "T", "DIP", "VCC3.3", "", "R", 70.866, 70.866, 47.244, 47.244, 90],
		[371, "PAD74_1", -300, -175, "B", "DIP", "VCC3.3", "", "R", 70.866, 70.866, 47.244, 47.244, 90],
		[372, "PAD75_2", 31.5, 540, "T", "SMD", "OSCIN", "", "R", 39.37, 43.307, 0, 0, 180],
		[373, "PAD76_1", -31.49, 540, "T", "SMD", "OSCOUT", "", "R", 39.37, 43.307, 0, 0, 180],
		[374, "PAD77_2", -478.5, 1025, "T", "SMD", "PA11", "", "R", 39.37, 43.307, 0, 0, 180],
		[375, "PAD78_1", -541.49, 1025, "T", "SMD", "USB_DM", "", "R", 39.37, 43.307, 0, 0, 180],
		[376, "PAD79_2", -478.5, 920, "T", "SMD", "PA12", "", "R", 39.37, 43.307, 0, 0, 180],
		[377, "PAD80_1", -541.49, 920, "T", "SMD", "USB_DP", "", "R", 39.37, 43.307, 0, 0, 180],
		[378, "PAD81_2", -405, 921.5, "T", "SMD", "PA12", "", "R", 39.37, 43.307, 0, 0, 270],
		[379, "PAD82_1", -405, 858.51, "T", "SMD", "5V", "", "R", 39.37, 43.307, 0, 0, 270],
		[380, "PAD83_2", 87.7169, 1019.95, "T", "SMD", "VCC3.3", "", "R", 39.37, 43.307, 0, 0, 45],
		[381, "PAD84_1", 132.2576, 1064.4907, "T", "SMD", "RESET", "", "R", 39.37, 43.307, 0, 0, 45],
		[382, "PAD85_2", -120.201, 1333.526, "T", "SMD", "BOOT1", "", "R", 39.37, 43.307, 0, 0, 90],
		[383, "PAD86_1", -120.201, 1396.516, "T", "SMD", "GND", "GND", "R", 39.37, 43.307, 0, 0, 90],
		[384, "PAD87_2", -201.5, 0, "T", "SMD", "GND", "GND", "R", 39.37, 43.307, 0, 0, 0],
		[385, "PAD88_1", -138.51, 0, "T", "SMD", "$3N30531", "", "R", 39.37, 43.307, 0, 0, 0],
		[386, "PAD89_2", 175, -23.5, "T", "SMD", "PC13", "", "R", 39.37, 43.307, 0, 0, 270],
		[387, "PAD90_1", 175, -86.49, "T", "SMD", "$3N30532", "", "R", 39.37, 43.307, 0, 0, 270],
		[388, "PAD91_1", 41.75, 592.5316, "T", "SMD", "VBAT", "", "O", 11.811, 59.055, 0, 0, 225],
		[389, "PAD92_2", 55.68, 606.4516, "T", "SMD", "PC13", "", "O", 11.811, 59.055, 0, 0, 225],
		[390, "PAD93_3", 69.59, 620.3716, "T", "SMD", "PC14", "", "O", 11.811, 59.055, 0, 0, 225],
		[391, "PAD94_4", 83.52, 634.2916, "T", "SMD", "PC15", "", "O", 11.811, 59.055, 0, 0, 225],
		[392, "PAD95_5", 97.43, 648.2116, "T", "SMD", "OSCIN", "", "O", 11.811, 59.055, 0, 0, 225],
		[393, "PAD96_6", 111.35, 662.1316, "T", "SMD", "OSCOUT", "", "O", 11.811, 59.055, 0, 0, 225],
		[394, "PAD97_7", 125.27, 676.0416, "T", "SMD", "RESET", "", "O", 11.811, 59.055, 0, 0, 225],
		[395, "PAD98_8", 139.19, 689.9716, "T", "SMD", "GND", "GND", "O", 11.811, 59.055, 0, 0, 225],
		[396, "PAD99_9", 153.11, 703.8816, "T", "SMD", "VCC3.3", "", "O", 11.811, 59.055, 0, 0, 225],
		[397, "PAD100_10", 167.03, 717.8116, "T", "SMD", "PA0", "", "O", 11.811, 59.055, 0, 0, 225],
		[398, "PAD101_11", 180.95, 731.7216, "T", "SMD", "PA1", "", "O", 11.811, 59.055, 0, 0, 225],
		[399, "PAD102_12", 194.87, 745.6416, "T", "SMD", "PA2", "", "O", 11.811, 59.055, 0, 0, 225],
		[400, "PAD103_13", 194.87, 829.1616, "T", "SMD", "PA3", "", "O", 11.811, 59.055, 0, 0, 135],
		[401, "PAD104_14", 180.95, 843.0816, "T", "SMD", "PA4", "", "O", 11.811, 59.055, 0, 0, 135],
		[402, "PAD105_15", 167.03, 856.9916, "T", "SMD", "PA5", "", "O", 11.811, 59.055, 0, 0, 135],
		[403, "PAD106_16", 153.11, 870.9216, "T", "SMD", "PA6", "", "O", 11.811, 59.055, 0, 0, 135],
		[404, "PAD107_17", 139.19, 884.8316, "T", "SMD", "PA7", "", "O", 11.811, 59.055, 0, 0, 135],
		[405, "PAD108_18", 125.27, 898.7616, "T", "SMD", "PB0", "", "O", 11.811, 59.055, 0, 0, 135],
		[406, "PAD109_19", 111.35, 912.6716, "T", "SMD", "PB1", "", "O", 11.811, 59.055, 0, 0, 135],
		[407, "PAD110_20", 97.43, 926.5916, "T", "SMD", "BOOT1", "", "O", 11.811, 59.055, 0, 0, 135],
		[408, "PAD111_21", 83.52, 940.5116, "T", "SMD", "PB10", "", "O", 11.811, 59.055, 0, 0, 135],
		[409, "PAD112_22", 69.59, 954.4316, "T", "SMD", "PB11", "", "O", 11.811, 59.055, 0, 0, 135],
		[410, "PAD113_23", 55.68, 968.3516, "T", "SMD", "GND", "GND", "O", 11.811, 59.055, 0, 0, 135],
		[411, "PAD114_24", 41.75, 982.2716, "T", "SMD", "VCC3.3", "", "O", 11.811, 59.055, 0, 0, 135],
		[412, "PAD115_25", -41.76, 982.2716, "T", "SMD", "PB12", "", "O", 11.811, 59.055, 0, 0, 225],
		[413, "PAD116_26", -55.68, 968.3516, "T", "SMD", "PB13", "", "O", 11.811, 59.055, 0, 0, 225],
		[414, "PAD117_27", -69.59, 954.4316, "T", "SMD", "PB14", "", "O", 11.811, 59.055, 0, 0, 225],
		[415, "PAD118_28", -83.52, 940.5116, "T", "SMD", "PB15", "", "O", 11.811, 59.055, 0, 0, 225],
		[416, "PAD119_29", -97.43, 926.5916, "T", "SMD", "PA8", "", "O", 11.811, 59.055, 0, 0, 225],
		[417, "PAD120_30", -111.36, 912.6716, "T", "SMD", "PA9", "", "O", 11.811, 59.055, 0, 0, 225],
		[418, "PAD121_31", -125.27, 898.7616, "T", "SMD", "PA10", "", "O", 11.811, 59.055, 0, 0, 225],
		[419, "PAD122_32", -139.19, 884.8316, "T", "SMD", "PA11", "", "O", 11.811, 59.055, 0, 0, 225],
		[420, "PAD123_33", -153.11, 870.9216, "T", "SMD", "PA12", "", "O", 11.811, 59.055, 0, 0, 225],
		[421, "PAD124_34", -167.03, 856.9916, "T", "SMD", "PA13", "", "O", 11.811, 59.055, 0, 0, 225],
		[422, "PAD125_35", -180.95, 843.0816, "T", "SMD", "GND", "GND", "O", 11.811, 59.055, 0, 0, 225],
		[423, "PAD126_36", -194.87, 829.1616, "T", "SMD", "VCC3.3", "", "O", 11.811, 59.055, 0, 0, 225],
		[424, "PAD127_37", -194.87, 745.6416, "T", "SMD", "PA14", "", "O", 11.811, 59.055, 0, 0, 135],
		[425, "PAD128_38", -180.95, 731.7216, "T", "SMD", "PA15", "", "O", 11.811, 59.055, 0, 0, 135],
		[426, "PAD129_39", -167.03, 717.8116, "T", "SMD", "PB3", "", "O", 11.811, 59.055, 0, 0, 135],
		[427, "PAD130_40", -153.11, 703.8816, "T", "SMD", "PB4", "", "O", 11.811, 59.055, 0, 0, 135],
		[428, "PAD131_41", -139.19, 689.9716, "T", "SMD", "PB5", "", "O", 11.811, 59.055, 0, 0, 135],
		[429, "PAD132_42", -125.27, 676.0416, "T", "SMD", "PB6", "", "O", 11.811, 59.055, 0, 0, 135],
		[430, "PAD133_43", -111.36, 662.1316, "T", "SMD", "PB7", "", "O", 11.811, 59.055, 0, 0, 135],
		[431, "PAD134_44", -97.43, 648.2116, "T", "SMD", "BOOT0", "", "O", 11.811, 59.055, 0, 0, 135],
		[432, "PAD135_45", -83.52, 634.2916, "T", "SMD", "PB8", "", "O", 11.811, 59.055, 0, 0, 135],
		[433, "PAD136_46", -69.59, 620.3716, "T", "SMD", "PB9", "", "O", 11.811, 59.055, 0, 0, 135],
		[434, "PAD137_47", -55.68, 606.4516, "T", "SMD", "GND", "GND", "O", 11.811, 59.055, 0, 0, 135],
		[435, "PAD138_48", -41.76, 592.5316, "T", "SMD", "VCC3.3", "", "O", 11.811, 59.055, 0, 0, 135],
		[436, "PAD139_2", 125, 1360.34, "T", "SMD", "GND", "GND", "R", 31.751, 34.016, 0, 0, 270],
		[437, "PAD140_1", 125, 1419.66, "T", "SMD", "$3N30903", "", "R", 31.751, 34.016, 0, 0, 270],
		[438, "PAD141_2", 185, 1419.66, "T", "SMD", "$3N30904", "", "R", 31.751, 34.016, 0, 0, 90],
		[439, "PAD142_1", 185, 1360.34, "T", "SMD", "GND", "GND", "R", 31.751, 34.016, 0, 0, 90],
		[440, "PAD143_A1", 131.89, 1562.448, "T", "SMD", "GND", "GND", "R", 11.811, 51.181, 0, 0, 180],
		[441, "PAD144_B12", 120.08, 1562.448, "T", "SMD", "GND", "GND", "R", 11.811, 51.181, 0, 0, 180],
		[442, "PAD145_A4", 100.39, 1562.448, "T", "SMD", "5V", "", "R", 11.811, 51.181, 0, 0, 180],
		[443, "PAD146_B9", 88.58, 1562.448, "T", "SMD", "5V", "", "R", 11.811, 51.181, 0, 0, 180],
		[444, "PAD147_A5", 49.21, 1562.448, "T", "SMD", "$3N30904", "", "R", 11.811, 51.181, 0, 0, 180],
		[445, "PAD148_B7", 29.53, 1562.448, "T", "SMD", "USB_DM", "", "R", 11.811, 51.181, 0, 0, 180],
		[446, "PAD149_A6", 9.84, 1562.448, "T", "SMD", "USB_DP", "", "R", 11.811, 51.181, 0, 0, 180],
		[447, "PAD150_A7", -9.84, 1562.448, "T", "SMD", "USB_DM", "", "R", 11.811, 51.181, 0, 0, 180],
		[448, "PAD151_B6", -29.53, 1562.448, "T", "SMD", "USB_DP", "", "R", 11.811, 51.181, 0, 0, 180],
		[449, "PAD152_B5", -68.9, 1562.448, "T", "SMD", "$3N30903", "", "R", 11.811, 51.181, 0, 0, 180],
		[450, "PAD153_B1", -120.08, 1562.448, "T", "SMD", "GND", "GND", "R", 11.811, 51.181, 0, 0, 180],
		[451, "PAD154_A12", -131.89, 1562.448, "T", "SMD", "GND", "GND", "R", 11.811, 51.181, 0, 0, 180],
		[452, "PAD155_B4", -88.579, 1562.447, "T", "SMD", "5V", "", "R", 11.811, 51.181, 0, 0, 0],
		[453, "PAD156_A9", -100.389, 1562.447, "T", "SMD", "5V", "", "R", 11.811, 51.181, 0, 0, 0],
		[454, "PAD157_3", 170.08, 1752.608, "T", "DIP", "GND", "GND", "O", 39.37, 70.866, 23.622, 55.118, 180],
		[455, "PAD157_3", 170.08, 1752.608, "B", "DIP", "GND", "GND", "O", 39.37, 70.866, 23.622, 55.118, 180],
		[456, "PAD158_4", -170.08, 1752.608, "T", "DIP", "GND", "GND", "O", 39.37, 70.866, 23.622, 55.118, 180],
		[457, "PAD158_4", -170.08, 1752.608, "B", "DIP", "GND", "GND", "O", 39.37, 70.866, 23.622, 55.118, 180],
		[458, "PAD159_2", -170.08, 1588.038, "T", "DIP", "GND", "GND", "O", 39.37, 78.74, 23.622, 66.929, 180],
		[459, "PAD159_2", -170.08, 1588.038, "B", "DIP", "GND", "GND", "O", 39.37, 78.74, 23.622, 66.929, 180],
		[460, "PAD160_1", 170.08, 1588.038, "T", "DIP", "GND", "GND", "O", 39.37, 78.74, 23.622, 66.929, 180],
		[461, "PAD160_1", 170.08, 1588.038, "B", "DIP", "GND", "GND", "O", 39.37, 78.74, 23.622, 66.929, 180],
		[462, "PAD161_8", 49.999, -838.113, "T", "SMD", "PA7", "", "R", 40.157, 98.425, 0, 0, 180],
		[463, "PAD162_7", 49.999, -601.893, "T", "SMD", "PB4", "", "R", 40.157, 98.425, 0, 0, 180],
		[464, "PAD163_6", 149.999, -838.113, "T", "SMD", "PB0", "", "R", 40.157, 98.425, 0, 0, 180],
		[465, "PAD164_5", 149.999, -601.893, "T", "SMD", "PB5", "", "R", 40.157, 98.425, 0, 0, 180],
		[466, "PAD165_4", 249.999, -838.113, "T", "SMD", "PB1", "", "R", 40.157, 98.425, 0, 0, 180],
		[467, "PAD166_3", 249.999, -601.893, "T", "SMD", "PB6", "", "R", 40.157, 98.425, 0, 0, 180],
		[468, "PAD167_2", 349.999, -838.113, "T", "SMD", "GND", "GND", "R", 40.157, 98.425, 0, 0, 180],
		[469, "PAD168_1", 349.999, -601.893, "T", "SMD", "PB9", "", "R", 40.157, 98.425, 0, 0, 180],
		[470, "PAD169_9", -50.001, -601.882, "T", "SMD", "PA10", "", "R", 40.157, 98.425, 0, 0, 180],
		[471, "PAD170_10", -50.001, -838.103, "T", "SMD", "PA6", "", "R", 40.157, 98.425, 0, 0, 180],
		[472, "PAD171_11", -150.001, -601.882, "T", "SMD", "PA9", "", "R", 40.157, 98.425, 0, 0, 180],
		[473, "PAD172_12", -150.001, -838.103, "T", "SMD", "PB15", "", "R", 40.157, 98.425, 0, 0, 180],
		[474, "PAD173_13", -250.001, -601.882, "T", "SMD", "PA8", "", "R", 40.157, 98.425, 0, 0, 180],
		[475, "PAD174_14", -250.001, -838.103, "T", "SMD", "PB14", "", "R", 40.157, 98.425, 0, 0, 180],
		[476, "PAD175_15", -350.001, -601.882, "T", "SMD", "5V", "", "R", 40.157, 98.425, 0, 0, 180],
		[477, "PAD176_1", -96.06, 405, "T", "DIP", "OSCOUT", "", "R", 59.055, 59.055, 35.434, 35.434, 0],
		[478, "PAD176_1", -96.06, 405, "B", "DIP", "OSCOUT", "", "R", 59.055, 59.055, 35.434, 35.434, 0],
		[479, "PAD177_2", 96.06, 405, "T", "DIP", "OSCIN", "", "C", 59.055, 59.055, 35.434, 35.434, 0],
		[480, "PAD177_2", 96.06, 405, "B", "DIP", "OSCIN", "", "C", 59.055, 59.055, 35.434, 35.434, 0],
		[481, "PAD178_1", 130.081, 40, "T", "SMD", "PC14", "", "R", 98.425, 39.37, 0, 0, 0],
		[482, "PAD179_2", 130.081, 140, "T", "SMD", "PC15", "", "R", 98.425, 39.37, 0, 0, 0],
		[483, "PAD180_3", -110.079, 90, "T", "SMD", "GND", "GND", "R", 98.425, 244.094, 0, 0, 90],
		[484, "PAD181_1", 35.43, 1370, "T", "SMD", "BOOT0", "", "R", 39.37, 43.307, 0, 0, 0],
		[485, "PAD182_2", -35.44, 1370, "T", "SMD", "GND", "GND", "R", 39.37, 43.307, 0, 0, 0],
		[486, "PAD183_2", -120.201, 1198.526, "T", "SMD", "VCC3.3", "", "R", 39.37, 43.307, 0, 0, 90],
		[487, "PAD184_1", -120.201, 1261.516, "T", "SMD", "BOOT1", "", "R", 39.37, 43.307, 0, 0, 90],
		[488, "PAD185_2", -121.5, 1125, "T", "SMD", "GND", "GND", "R", 39.37, 43.307, 0, 0, 0],
		[489, "PAD186_1", -58.51, 1125, "T", "SMD", "$3N31755", "", "R", 39.37, 43.307, 0, 0, 0],
		[490, "PAD187_2", -59.13, 1309.055, "T", "SMD", "VCC3.3", "", "R", 39.37, 33.465, 0, 0, 90],
		[491, "PAD188_4", 49.13, 1309.055, "T", "SMD", "BOOT0", "", "R", 39.37, 33.465, 0, 0, 90],
		[492, "PAD189_3", 49.13, 1190.945, "T", "SMD", "$3N31755", "", "R", 39.37, 33.465, 0, 0, 90],
		[493, "PAD190_4", 209.13, 1309.055, "T", "SMD", "GND", "GND", "R", 39.37, 33.465, 0, 0, 90],
		[494, "PAD191_1", 100.87, 1190.945, "T", "SMD", "RESET", "", "R", 39.37, 33.465, 0, 0, 90],
		[495, "PAD192_4", 510.847, 990.427, "T", "SMD", "VCC3.3", "", "R", 97.244, 141.732, 0, 0, 90],
		[496, "PAD193_3", 420.297, 1213.647, "T", "SMD", "5V", "", "R", 97.244, 38.583, 0, 0, 90],
		[497, "PAD194_2", 510.847, 1213.647, "T", "SMD", "VCC3.3", "", "R", 97.244, 38.583, 0, 0, 90],
		[498, "PAD195_1", 601.397, 1213.647, "T", "SMD", "GND", "GND", "R", 97.244, 38.583, 0, 0, 90],
		[499, "PAD196_2", 185.34, -455, "T", "SMD", "5V", "", "R", 31.751, 34.016, 0, 0, 180],
		[500, "PAD197_1", 244.66, -455, "T", "SMD", "PB9", "", "R", 31.751, 34.016, 0, 0, 180]
	]
}
}